{"action_menu_columns":"2","action_menu_scripts_hide_disabled":false,"action_menu_scripts_sort":"position","appearance_badge_color":"#ee3131","appearance_badges":"running","autoReload":true,"configMode":100,"editor_autoLint":true,"editor_autoLintMaxLen":"50000","editor_autoSave":false,"editor_easySave":true,"editor_electricChars":true,"editor_enabled":true,"editor_fontSize":"100","editor_highlightTrailingWhitespace":true,"editor_indentUnit":"4","editor_indentWithTabs":"tabs","editor_keyMap":"sublime","editor_lineWrapping":false,"editor_tabMode":"indent","editor_theme":"monokai","enabled":true,"native_import":false,"native_import_path":"","native_import_post_action":"disable","scriptUpdateHideNotificationAfter":0,"script_blacklist_server":[{"rules":["/https?:\\/\\/userscripts\\.org\\/scripts\\/(source|version)/(102614).*\\.user\\.js/"],"severity":"2"},{"name":"SaveFrom.net helper","reason":"Shows advertisements","rules":["/https?:\\/\\/sf-addon\\.com\\/.*\\/.*\\.user\\.js/","/https?:\\/\\/.*\\.sf-helper\\.com\\/.*\\.user\\.js/"],"severity":"3"}],"sync_enabled":false,"sync_id":"","sync_type":"2","sync_version":"2"}